Componente,Variable en Figma,Token en el tema,La usa una capa de Figma,La lee el CSS de PrimeNG,Veredicto,bloque,capa de Figma,selector CSS,accionable,motivo,revisado
avatar,background,--p-avatar-background,sí,sí,conectada,,,,,,
avatar,border/radius,--p-avatar-border-radius,sí,sí,conectada,,,,,,
avatar,color,--p-avatar-color,sí,sí,conectada,,,,,,
avatar,font/size,--p-avatar-font-size,sí,sí,conectada,,,,,,
avatar,group/border/color,--p-avatar-group-border-color,sí,sí,conectada,,,,,,
avatar,group/offset,--p-avatar-group-offset,sí,sí,conectada,,,,,,
avatar,height,--p-avatar-height,sí,sí,conectada,,,,,,
avatar,icon/size,--p-avatar-icon-size,sí,sí,conectada,,,,,,
avatar,lg/font/size,--p-avatar-lg-font-size,sí,sí,conectada,,,,,,
avatar,lg/group/offset,--p-avatar-lg-group-offset,sí,sí,conectada,,,,,,
avatar,lg/height,--p-avatar-lg-height,sí,no,espejismo,root,raíz de las variantes Large,.p-avatar-lg { height: var(--p-avatar-lg-width) },no,PrimeNG usa el ancho para las dos medidas: el alto no viaja,2026-09-03
avatar,lg/icon/size,--p-avatar-lg-icon-size,sí,sí,conectada,,,,,,
avatar,lg/width,--p-avatar-lg-width,sí,sí,conectada,,,,,,
avatar,width,--p-avatar-width,sí,sí,conectada,,,,,,
avatar,xl/font/size,--p-avatar-xl-font-size,sí,sí,conectada,,,,,,
avatar,xl/group/offset,--p-avatar-xl-group-offset,sí,sí,conectada,,,,,,
avatar,xl/height,--p-avatar-xl-height,sí,no,espejismo,root,raíz de las variantes X-Large,.p-avatar-xl { height: var(--p-avatar-xl-width) },no,idem,2026-09-03
avatar,xl/icon/size,--p-avatar-xl-icon-size,sí,sí,conectada,,,,,,
avatar,xl/width,--p-avatar-xl-width,sí,sí,conectada,,,,,,
badge,border/radius,--p-badge-border-radius,sí,sí,conectada,,,,,,
badge,contrast/background,--p-badge-contrast-background,sí,sí,conectada,,,,,,
badge,contrast/color,--p-badge-contrast-color,sí,sí,conectada,,,,,,
badge,danger/background,--p-badge-danger-background,sí,sí,conectada,,,,,,
badge,danger/color,--p-badge-danger-color,sí,sí,conectada,,,,,,
badge,dot/size,--p-badge-dot-size,no,sí,Figma no la usa,root,no hay capa,.p-badge-dot { width/height },no,"FALTA DIBUJARLO: el DS no dibuja el badge de punto (los ejes son Severity, Size y Circle)",2026-09-03
badge,font/size,--p-badge-font-size,sí,sí,conectada,,,,,,
badge,font/weight,--p-badge-font-weight,sí,sí,conectada,,,,,,
badge,height,--p-badge-height,sí,sí,conectada,,,,,,
badge,info/background,--p-badge-info-background,sí,sí,conectada,,,,,,
badge,info/color,--p-badge-info-color,sí,sí,conectada,,,,,,
badge,lg/font/size,--p-badge-lg-font-size,sí,sí,conectada,,,,,,
badge,lg/height,--p-badge-lg-height,sí,sí,conectada,,,,,,
badge,lg/min/width,--p-badge-lg-min-width,sí,sí,conectada,,,,,,
badge,min/width,--p-badge-min-width,sí,sí,conectada,,,,,,
badge,padding/x,--p-badge-padding,sí,sí,conectada,,,,,,
badge,padding/y,--p-badge-padding,sí,sí,conectada,,,,,,
badge,primary/background,--p-badge-primary-background,sí,sí,conectada,,,,,,
badge,primary/color,--p-badge-primary-color,sí,sí,conectada,,,,,,
badge,secondary/background,--p-badge-secondary-background,sí,sí,conectada,,,,,,
badge,secondary/color,--p-badge-secondary-color,sí,sí,conectada,,,,,,
badge,sm/font/size,--p-badge-sm-font-size,sí,sí,conectada,,,,,,
badge,sm/height,--p-badge-sm-height,sí,sí,conectada,,,,,,
badge,sm/min/width,--p-badge-sm-min-width,sí,sí,conectada,,,,,,
badge,success/background,--p-badge-success-background,sí,sí,conectada,,,,,,
badge,success/color,--p-badge-success-color,sí,sí,conectada,,,,,,
badge,warn/background,--p-badge-warn-background,sí,sí,conectada,,,,,,
badge,warn/color,--p-badge-warn-color,sí,sí,conectada,,,,,,
badge,xl/font/size,--p-badge-xl-font-size,sí,sí,conectada,,,,,,
badge,xl/height,--p-badge-xl-height,sí,sí,conectada,,,,,,
badge,xl/min/width,--p-badge-xl-min-width,sí,sí,conectada,,,,,,
breadcrumb,background,--p-breadcrumb-background,sí,sí,conectada,,,,,,
breadcrumb,gap,--p-breadcrumb-gap,sí,sí,conectada,,,,,,
breadcrumb,item/border/radius,--p-breadcrumb-item-border-radius,sí,sí,conectada,,,,,,
breadcrumb,item/color,--p-breadcrumb-item-color,sí,sí,conectada,,,,,,
breadcrumb,item/focus/ring/color,--p-breadcrumb-item-focus-ring-color,sí,sí,conectada,,,,,,
breadcrumb,item/focus/ring/offset,--p-breadcrumb-item-focus-ring-offset,sí,sí,conectada,,,,,,
breadcrumb,item/focus/ring/width,--p-breadcrumb-item-focus-ring-width,no,sí,Figma no la usa,focusRing,no hay capa,,no,"anillo de foco: la capa dibuja hueco + anillo, la suma de dos tokens, y Figma no suma",2026-09-03
breadcrumb,item/gap,--p-breadcrumb-item-gap,sí,sí,conectada,,,,,,
breadcrumb,item/hover/color,--p-breadcrumb-item-hover-color,sí,sí,conectada,,,,,,
breadcrumb,item/icon/color,--p-breadcrumb-item-icon-color,sí,sí,conectada,,,,,,
breadcrumb,item/icon/hover/color,--p-breadcrumb-item-icon-hover-color,sí,sí,conectada,,,,,,
breadcrumb,padding,--p-breadcrumb-padding,sí,sí,conectada,,,,,,
breadcrumb,separator/color,--p-breadcrumb-separator-color,sí,sí,conectada,,,,,,
breadcrumb,,--p-breadcrumb-item-focus-ring-shadow,,sí,solo web,,,,,,
breadcrumb,,--p-breadcrumb-item-focus-ring-style,,sí,solo web,,,,,,
breadcrumb,,--p-breadcrumb-transition-duration,,sí,solo web,,,,,,
button,border/radius,--p-button-border-radius,sí,sí,conectada,,,,,,
button,contrast/active/background,--p-button-contrast-active-background,sí,sí,conectada,,,,,,
button,contrast/active/border/color,--p-button-contrast-active-border-color,sí,sí,conectada,,,,,,
button,contrast/active/color,--p-button-contrast-active-color,sí,sí,conectada,,,,,,
button,contrast/background,--p-button-contrast-background,sí,sí,conectada,,,,,,
button,contrast/border/color,--p-button-contrast-border-color,sí,sí,conectada,,,,,,
button,contrast/color,--p-button-contrast-color,sí,sí,conectada,,,,,,
button,contrast/focus/ring/color,--p-button-contrast-focus-ring-color,no,sí,Figma no la usa,focusRing,no hay capa,,no,"el Button NO dibuja estado de foco: su eje State solo tiene Idle, Hover y Active",2026-09-03
button,contrast/hover/background,--p-button-contrast-hover-background,sí,sí,conectada,,,,,,
button,contrast/hover/border/color,--p-button-contrast-hover-border-color,sí,sí,conectada,,,,,,
button,contrast/hover/color,--p-button-contrast-hover-color,sí,sí,conectada,,,,,,
button,danger/active/background,--p-button-danger-active-background,sí,sí,conectada,,,,,,
button,danger/active/border/color,--p-button-danger-active-border-color,sí,sí,conectada,,,,,,
button,danger/active/color,--p-button-danger-active-color,sí,sí,conectada,,,,,,
button,danger/background,--p-button-danger-background,sí,sí,conectada,,,,,,
button,danger/border/color,--p-button-danger-border-color,sí,sí,conectada,,,,,,
button,danger/color,--p-button-danger-color,sí,sí,conectada,,,,,,
button,danger/focus/ring/color,--p-button-danger-focus-ring-color,no,sí,Figma no la usa,focusRing,no hay capa,,no,"el Button NO dibuja estado de foco: su eje State solo tiene Idle, Hover y Active",2026-09-03
button,danger/hover/background,--p-button-danger-hover-background,sí,sí,conectada,,,,,,
button,danger/hover/border/color,--p-button-danger-hover-border-color,sí,sí,conectada,,,,,,
button,danger/hover/color,--p-button-danger-hover-color,sí,sí,conectada,,,,,,
button,figma/raised/background,,no,,solo Figma,,,,,,
button,focus/ring/offset,--p-button-focus-ring-offset,no,sí,Figma no la usa,focusRing,no hay capa,,no,"el Button NO dibuja estado de foco: su eje State solo tiene Idle, Hover y Active",2026-09-03
button,focus/ring/width,--p-button-focus-ring-width,no,sí,Figma no la usa,focusRing,no hay capa,,no,"el Button NO dibuja estado de foco: su eje State solo tiene Idle, Hover y Active",2026-09-03
button,gap,--p-button-gap,sí,sí,conectada,,,,,,
button,help/active/background,--p-button-help-active-background,sí,sí,conectada,,,,,,
button,help/active/border/color,--p-button-help-active-border-color,sí,sí,conectada,,,,,,
button,help/active/color,--p-button-help-active-color,sí,sí,conectada,,,,,,
button,help/background,--p-button-help-background,sí,sí,conectada,,,,,,
button,help/border/color,--p-button-help-border-color,sí,sí,conectada,,,,,,
button,help/color,--p-button-help-color,sí,sí,conectada,,,,,,
button,help/focus/ring/color,--p-button-help-focus-ring-color,no,sí,Figma no la usa,focusRing,no hay capa,,no,"el Button NO dibuja estado de foco: su eje State solo tiene Idle, Hover y Active",2026-09-03
button,help/hover/background,--p-button-help-hover-background,sí,sí,conectada,,,,,,
button,help/hover/border/color,--p-button-help-hover-border-color,sí,sí,conectada,,,,,,
button,help/hover/color,--p-button-help-hover-color,sí,sí,conectada,,,,,,
button,icon/only/width,--p-button-icon-only-width,sí,sí,conectada,,,,,,
button,info/active/background,--p-button-info-active-background,sí,sí,conectada,,,,,,
button,info/active/border/color,--p-button-info-active-border-color,sí,sí,conectada,,,,,,
button,info/active/color,--p-button-info-active-color,sí,sí,conectada,,,,,,
button,info/background,--p-button-info-background,sí,sí,conectada,,,,,,
button,info/border/color,--p-button-info-border-color,sí,sí,conectada,,,,,,
button,info/color,--p-button-info-color,sí,sí,conectada,,,,,,
button,info/focus/ring/color,--p-button-info-focus-ring-color,no,sí,Figma no la usa,focusRing,no hay capa,,no,"el Button NO dibuja estado de foco: su eje State solo tiene Idle, Hover y Active",2026-09-03
button,info/hover/background,--p-button-info-hover-background,sí,sí,conectada,,,,,,
button,info/hover/border/color,--p-button-info-hover-border-color,sí,sí,conectada,,,,,,
button,info/hover/color,--p-button-info-hover-color,sí,sí,conectada,,,,,,
button,label/font/weight,--p-button-label-font-weight,sí,sí,conectada,,,,,,
button,lg/font/size,--p-button-lg-font-size,sí,sí,conectada,,,,,,
button,lg/icon/only/width,--p-button-lg-icon-only-width,sí,sí,conectada,,,,,,
button,lg/padding/x,--p-button-lg-padding-x,sí,sí,conectada,,,,,,
button,lg/padding/y,--p-button-lg-padding-y,sí,sí,conectada,,,,,,
button,link/active/color,--p-button-link-active-color,sí,sí,conectada,root,"texto Button de la variante Link=True + State=Active, en los 3 sets",.p-button-link:active { color },HECHO,"estaba atada a button/link/color; mismo color, sin cambio visual",2026-09-03
button,link/color,--p-button-link-color,sí,sí,conectada,,,,,,
button,link/hover/color,--p-button-link-hover-color,sí,sí,conectada,,,,,,
button,outlined/contrast/active/background,--p-button-outlined-contrast-active-background,sí,sí,conectada,,,,,,
button,outlined/contrast/border/color,--p-button-outlined-contrast-border-color,sí,sí,conectada,,,,,,
button,outlined/contrast/color,--p-button-outlined-contrast-color,sí,sí,conectada,,,,,,
button,outlined/contrast/hover/background,--p-button-outlined-contrast-hover-background,sí,sí,conectada,,,,,,
button,outlined/danger/active/background,--p-button-outlined-danger-active-background,sí,sí,conectada,,,,,,
button,outlined/danger/border/color,--p-button-outlined-danger-border-color,sí,sí,conectada,,,,,,
button,outlined/danger/color,--p-button-outlined-danger-color,sí,sí,conectada,,,,,,
button,outlined/danger/hover/background,--p-button-outlined-danger-hover-background,sí,sí,conectada,,,,,,
button,outlined/help/active/background,--p-button-outlined-help-active-background,sí,sí,conectada,,,,,,
button,outlined/help/border/color,--p-button-outlined-help-border-color,sí,sí,conectada,,,,,,
button,outlined/help/color,--p-button-outlined-help-color,sí,sí,conectada,,,,,,
button,outlined/help/hover/background,--p-button-outlined-help-hover-background,sí,sí,conectada,,,,,,
button,outlined/info/active/background,--p-button-outlined-info-active-background,sí,sí,conectada,,,,,,
button,outlined/info/border/color,--p-button-outlined-info-border-color,sí,sí,conectada,,,,,,
button,outlined/info/color,--p-button-outlined-info-color,sí,sí,conectada,,,,,,
button,outlined/info/hover/background,--p-button-outlined-info-hover-background,sí,sí,conectada,,,,,,
button,outlined/plain/active/background,--p-button-outlined-plain-active-background,sí,sí,conectada,,,,,,
button,outlined/plain/border/color,--p-button-outlined-plain-border-color,sí,sí,conectada,,,,,,
button,outlined/plain/color,--p-button-outlined-plain-color,sí,sí,conectada,,,,,,
button,outlined/plain/hover/background,--p-button-outlined-plain-hover-background,sí,sí,conectada,,,,,,
button,outlined/primary/active/background,--p-button-outlined-primary-active-background,sí,sí,conectada,,,,,,
button,outlined/primary/border/color,--p-button-outlined-primary-border-color,sí,sí,conectada,,,,,,
button,outlined/primary/color,--p-button-outlined-primary-color,sí,sí,conectada,,,,,,
button,outlined/primary/hover/background,--p-button-outlined-primary-hover-background,sí,sí,conectada,,,,,,
button,outlined/secondary/active/background,--p-button-outlined-secondary-active-background,sí,sí,conectada,,,,,,
button,outlined/secondary/border/color,--p-button-outlined-secondary-border-color,sí,sí,conectada,,,,,,
button,outlined/secondary/color,--p-button-outlined-secondary-color,sí,sí,conectada,,,,,,
button,outlined/secondary/hover/background,--p-button-outlined-secondary-hover-background,sí,sí,conectada,,,,,,
button,outlined/success/active/background,--p-button-outlined-success-active-background,sí,sí,conectada,,,,,,
button,outlined/success/border/color,--p-button-outlined-success-border-color,sí,sí,conectada,,,,,,
button,outlined/success/color,--p-button-outlined-success-color,sí,sí,conectada,,,,,,
button,outlined/success/hover/background,--p-button-outlined-success-hover-background,sí,sí,conectada,,,,,,
button,outlined/warn/active/background,--p-button-outlined-warn-active-background,sí,sí,conectada,,,,,,
button,outlined/warn/border/color,--p-button-outlined-warn-border-color,sí,sí,conectada,,,,,,
button,outlined/warn/color,--p-button-outlined-warn-color,sí,sí,conectada,,,,,,
button,outlined/warn/hover/background,--p-button-outlined-warn-hover-background,sí,sí,conectada,,,,,,
button,padding/x,--p-button-padding-x,sí,sí,conectada,,,,,,
button,padding/y,--p-button-padding-y,sí,sí,conectada,,,,,,
button,primary/active/background,--p-button-primary-active-background,sí,sí,conectada,,,,,,
button,primary/active/border/color,--p-button-primary-active-border-color,sí,sí,conectada,,,,,,
button,primary/active/color,--p-button-primary-active-color,sí,sí,conectada,,,,,,
button,primary/background,--p-button-primary-background,sí,sí,conectada,,,,,,
button,primary/border/color,--p-button-primary-border-color,sí,sí,conectada,,,,,,
button,primary/color,--p-button-primary-color,sí,sí,conectada,,,,,,
button,primary/focus/ring/color,--p-button-primary-focus-ring-color,no,sí,Figma no la usa,focusRing,no hay capa,,no,"el Button NO dibuja estado de foco: su eje State solo tiene Idle, Hover y Active",2026-09-03
button,primary/hover/background,--p-button-primary-hover-background,sí,sí,conectada,,,,,,
button,primary/hover/border/color,--p-button-primary-hover-border-color,sí,sí,conectada,,,,,,
button,primary/hover/color,--p-button-primary-hover-color,sí,sí,conectada,,,,,,
button,rounded/border/radius,--p-button-rounded-border-radius,sí,sí,conectada,,,,,,
button,secondary/active/background,--p-button-secondary-active-background,sí,sí,conectada,,,,,,
button,secondary/active/border/color,--p-button-secondary-active-border-color,sí,sí,conectada,,,,,,
button,secondary/active/color,--p-button-secondary-active-color,sí,sí,conectada,,,,,,
button,secondary/background,--p-button-secondary-background,sí,sí,conectada,,,,,,
button,secondary/border/color,--p-button-secondary-border-color,sí,sí,conectada,,,,,,
button,secondary/color,--p-button-secondary-color,sí,sí,conectada,,,,,,
button,secondary/focus/ring/color,--p-button-secondary-focus-ring-color,no,sí,Figma no la usa,focusRing,no hay capa,,no,"el Button NO dibuja estado de foco: su eje State solo tiene Idle, Hover y Active",2026-09-03
button,secondary/hover/background,--p-button-secondary-hover-background,sí,sí,conectada,,,,,,
button,secondary/hover/border/color,--p-button-secondary-hover-border-color,sí,sí,conectada,,,,,,
button,secondary/hover/color,--p-button-secondary-hover-color,sí,sí,conectada,,,,,,
button,sm/font/size,--p-button-sm-font-size,sí,sí,conectada,,,,,,
button,sm/icon/only/width,--p-button-sm-icon-only-width,sí,sí,conectada,,,,,,
button,sm/padding/x,--p-button-sm-padding-x,sí,sí,conectada,,,,,,
button,sm/padding/y,--p-button-sm-padding-y,sí,sí,conectada,,,,,,
button,success/active/background,--p-button-success-active-background,sí,sí,conectada,,,,,,
button,success/active/border/color,--p-button-success-active-border-color,sí,sí,conectada,,,,,,
button,success/active/color,--p-button-success-active-color,sí,sí,conectada,,,,,,
button,success/background,--p-button-success-background,sí,sí,conectada,,,,,,
button,success/border/color,--p-button-success-border-color,sí,sí,conectada,,,,,,
button,success/color,--p-button-success-color,sí,sí,conectada,,,,,,
button,success/focus/ring/color,--p-button-success-focus-ring-color,no,sí,Figma no la usa,focusRing,no hay capa,,no,"el Button NO dibuja estado de foco: su eje State solo tiene Idle, Hover y Active",2026-09-03
button,success/hover/background,--p-button-success-hover-background,sí,sí,conectada,,,,,,
button,success/hover/border/color,--p-button-success-hover-border-color,sí,sí,conectada,,,,,,
button,success/hover/color,--p-button-success-hover-color,sí,sí,conectada,,,,,,
button,text/contrast/active/background,--p-button-text-contrast-active-background,sí,sí,conectada,,,,,,
button,text/contrast/color,--p-button-text-contrast-color,sí,sí,conectada,,,,,,
button,text/contrast/hover/background,--p-button-text-contrast-hover-background,sí,sí,conectada,,,,,,
button,text/danger/active/background,--p-button-text-danger-active-background,sí,sí,conectada,,,,,,
button,text/danger/color,--p-button-text-danger-color,sí,sí,conectada,,,,,,
button,text/danger/hover/background,--p-button-text-danger-hover-background,sí,sí,conectada,,,,,,
button,text/help/active/background,--p-button-text-help-active-background,sí,sí,conectada,,,,,,
button,text/help/color,--p-button-text-help-color,sí,sí,conectada,,,,,,
button,text/help/hover/background,--p-button-text-help-hover-background,sí,sí,conectada,,,,,,
button,text/info/active/background,--p-button-text-info-active-background,sí,sí,conectada,,,,,,
button,text/info/color,--p-button-text-info-color,sí,sí,conectada,,,,,,
button,text/info/hover/background,--p-button-text-info-hover-background,sí,sí,conectada,,,,,,
button,text/plain/active/background,--p-button-text-plain-active-background,sí,sí,conectada,,,,,,
button,text/plain/color,--p-button-text-plain-color,sí,sí,conectada,,,,,,
button,text/plain/hover/background,--p-button-text-plain-hover-background,sí,sí,conectada,,,,,,
button,text/primary/active/background,--p-button-text-primary-active-background,sí,sí,conectada,,,,,,
button,text/primary/color,--p-button-text-primary-color,sí,sí,conectada,,,,,,
button,text/primary/hover/background,--p-button-text-primary-hover-background,sí,sí,conectada,,,,,,
button,text/secondary/active/background,--p-button-text-secondary-active-background,sí,sí,conectada,,,,,,
button,text/secondary/color,--p-button-text-secondary-color,sí,sí,conectada,,,,,,
button,text/secondary/hover/background,--p-button-text-secondary-hover-background,sí,sí,conectada,,,,,,
button,text/success/active/background,--p-button-text-success-active-background,sí,sí,conectada,,,,,,
button,text/success/color,--p-button-text-success-color,sí,sí,conectada,,,,,,
button,text/success/hover/background,--p-button-text-success-hover-background,sí,sí,conectada,,,,,,
button,text/warn/active/background,--p-button-text-warn-active-background,sí,sí,conectada,,,,,,
button,text/warn/color,--p-button-text-warn-color,sí,sí,conectada,,,,,,
button,text/warn/hover/background,--p-button-text-warn-hover-background,sí,sí,conectada,,,,,,
button,warn/active/background,--p-button-warn-active-background,sí,sí,conectada,,,,,,
button,warn/active/border/color,--p-button-warn-active-border-color,sí,sí,conectada,,,,,,
button,warn/active/color,--p-button-warn-active-color,sí,sí,conectada,,,,,,
button,warn/background,--p-button-warn-background,sí,sí,conectada,,,,,,
button,warn/border/color,--p-button-warn-border-color,sí,sí,conectada,,,,,,
button,warn/color,--p-button-warn-color,sí,sí,conectada,,,,,,
button,warn/focus/ring/color,--p-button-warn-focus-ring-color,no,sí,Figma no la usa,focusRing,no hay capa,,no,"el Button NO dibuja estado de foco: su eje State solo tiene Idle, Hover y Active",2026-09-03
button,warn/hover/background,--p-button-warn-hover-background,sí,sí,conectada,,,,,,
button,warn/hover/border/color,--p-button-warn-hover-border-color,sí,sí,conectada,,,,,,
button,warn/hover/color,--p-button-warn-hover-color,sí,sí,conectada,,,,,,
button,,--p-button-badge-size,,sí,solo web,,,,,,
button,,--p-button-contrast-focus-ring-shadow,,sí,solo web,,,,,,
button,,--p-button-danger-focus-ring-shadow,,sí,solo web,,,,,,
button,,--p-button-focus-ring-style,,sí,solo web,,,,,,
button,,--p-button-help-focus-ring-shadow,,sí,solo web,,,,,,
button,,--p-button-info-focus-ring-shadow,,sí,solo web,,,,,,
button,,--p-button-primary-focus-ring-shadow,,sí,solo web,,,,,,
button,,--p-button-raised-shadow,,sí,solo web,,,,,,
button,,--p-button-secondary-focus-ring-shadow,,sí,solo web,,,,,,
button,,--p-button-success-focus-ring-shadow,,sí,solo web,,,,,,
button,,--p-button-transition-duration,,sí,solo web,,,,,,
button,,--p-button-warn-focus-ring-shadow,,sí,solo web,,,,,,
checkbox,background,--p-checkbox-background,sí,sí,conectada,,,,,,
checkbox,border/color,--p-checkbox-border-color,sí,sí,conectada,,,,,,
checkbox,border/radius,--p-checkbox-border-radius,sí,sí,conectada,,,,,,
checkbox,checked/background,--p-checkbox-checked-background,sí,sí,conectada,,,,,,
checkbox,checked/border/color,--p-checkbox-checked-border-color,sí,sí,conectada,,,,,,
checkbox,checked/disabled/border/color,--p-checkbox-checked-disabled-border-color,sí,sí,conectada,,,,,,
checkbox,checked/focus/border/color,--p-checkbox-checked-focus-border-color,sí,sí,conectada,root,"checkbox, 12 variantes marcadas",.p-checkbox-checked:has(:focus-visible) .p-checkbox-box,HECHO,idem,2026-09-03
checkbox,checked/hover/background,--p-checkbox-checked-hover-background,sí,sí,conectada,,,,,,
checkbox,checked/hover/border/color,--p-checkbox-checked-hover-border-color,sí,sí,conectada,,,,,,
checkbox,disabled/background,--p-checkbox-disabled-background,sí,sí,conectada,,,,,,
checkbox,filled/background,--p-checkbox-filled-background,sí,sí,conectada,,,,,,
checkbox,focus/border/color,--p-checkbox-focus-border-color,sí,sí,conectada,root,"checkbox (dentro de focusRing/offset), 12 variantes",.p-checkbox:has(:focus-visible) .p-checkbox-box,HECHO,"atadas 12 capas; 9 sin cambio de color, 15 corrigen el gris",2026-09-03
checkbox,focus/ring/color,--p-checkbox-focus-ring-color,sí,sí,conectada,,,,,,
checkbox,focus/ring/offset,--p-checkbox-focus-ring-offset,sí,sí,conectada,,,,,,
checkbox,focus/ring/width,--p-checkbox-focus-ring-width,no,sí,Figma no la usa,focusRing,no hay capa,outline-width,no,"anillo de foco: la capa dibuja hueco + anillo, la suma de dos tokens, y Figma no suma",2026-09-03
checkbox,height,--p-checkbox-height,sí,sí,conectada,,,,,,
checkbox,hover/border/color,--p-checkbox-hover-border-color,sí,sí,conectada,,,,,,
checkbox,icon/checked/color,--p-checkbox-icon-checked-color,sí,sí,conectada,,,,,,
checkbox,icon/checked/hover/color,--p-checkbox-icon-checked-hover-color,sí,sí,conectada,,,,,,
checkbox,icon/color,--p-checkbox-icon-color,no,sí,Figma no la usa,icon,no hay capa,.p-checkbox-icon,no,"el icono solo existe en las variantes marcadas, y usa icon/checked/color",2026-09-03
checkbox,icon/disabled/color,--p-checkbox-icon-disabled-color,sí,sí,conectada,,,,,,
checkbox,icon/lg/size,--p-checkbox-icon-lg-size,sí,sí,conectada,,,,,,
checkbox,icon/size,--p-checkbox-icon-size,sí,sí,conectada,,,,,,
checkbox,icon/sm/size,--p-checkbox-icon-sm-size,sí,sí,conectada,,,,,,
checkbox,invalid/border/color,--p-checkbox-invalid-border-color,no,sí,Figma no la usa,root,no hay capa,.p-checkbox.p-invalid .p-checkbox-box,no,FALTA DIBUJARLO: no hay variante inválida en el componente,2026-09-03
checkbox,lg/height,--p-checkbox-lg-height,sí,sí,conectada,,,,,,
checkbox,lg/width,--p-checkbox-lg-width,sí,sí,conectada,,,,,,
checkbox,sm/height,--p-checkbox-sm-height,sí,sí,conectada,,,,,,
checkbox,sm/width,--p-checkbox-sm-width,sí,sí,conectada,,,,,,
checkbox,width,--p-checkbox-width,sí,sí,conectada,,,,,,
checkbox,,--p-checkbox-focus-ring-shadow,,sí,solo web,,,,,,
checkbox,,--p-checkbox-focus-ring-style,,sí,solo web,,,,,,
checkbox,,--p-checkbox-shadow,,sí,solo web,,,,,,
checkbox,,--p-checkbox-transition-duration,,sí,solo web,,,,,,
chip,background,--p-chip-background,sí,sí,conectada,,,,,,
chip,border/radius,--p-chip-border-radius,sí,sí,conectada,,,,,,
chip,color,--p-chip-color,sí,sí,conectada,,,,,,
chip,gap,--p-chip-gap,sí,sí,conectada,,,,,,
chip,icon/color,--p-chip-icon-color,sí,sí,conectada,,,,,,
chip,icon/size,--p-chip-icon-size,sí,sí,conectada,,,,,,
chip,image/height,--p-chip-image-height,sí,sí,conectada,,,,,,
chip,image/width,--p-chip-image-width,sí,sí,conectada,,,,,,
chip,padding/x,--p-chip-padding-x,sí,sí,conectada,,,,,,
chip,padding/y,--p-chip-padding-y,sí,sí,conectada,,,,,,
chip,remove/icon/color,--p-chip-remove-icon-color,sí,sí,conectada,,,,,,
chip,remove/icon/focus/ring/color,--p-chip-remove-icon-focus-ring-color,sí,sí,conectada,,,,,,
chip,remove/icon/focus/ring/offset,--p-chip-remove-icon-focus-ring-offset,sí,sí,conectada,,,,,,
chip,remove/icon/focus/ring/width,--p-chip-remove-icon-focus-ring-width,no,sí,Figma no la usa,focusRing,no hay capa,,no,"anillo de foco: la capa dibuja hueco + anillo, la suma de dos tokens, y Figma no suma",2026-09-03
chip,remove/icon/size,--p-chip-remove-icon-size,sí,sí,conectada,,,,,,
chip,,--p-chip-remove-icon-focus-ring-shadow,,sí,solo web,,,,,,
chip,,--p-chip-remove-icon-focus-ring-style,,sí,solo web,,,,,,
chip,,--p-chip-transition-duration,,sí,solo web,,,,,,
contextmenu,background,--p-contextmenu-background,sí,sí,conectada,,,,,,
contextmenu,border/color,--p-contextmenu-border-color,sí,sí,conectada,,,,,,
contextmenu,border/radius,--p-contextmenu-border-radius,sí,sí,conectada,,,,,,
contextmenu,color,--p-contextmenu-color,no,sí,Figma no la usa,root,no hay capa,.p-contextmenu { color },no,idem,2026-09-03
contextmenu,item/active/background,--p-contextmenu-item-active-background,sí,sí,conectada,,,,,,
contextmenu,item/active/color,--p-contextmenu-item-active-color,sí,sí,conectada,,,,,,
contextmenu,item/border/radius,--p-contextmenu-item-border-radius,sí,sí,conectada,,,,,,
contextmenu,item/color,--p-contextmenu-item-color,sí,sí,conectada,,,,,,
contextmenu,item/focus/background,--p-contextmenu-item-focus-background,sí,sí,conectada,,,,,,
contextmenu,item/focus/color,--p-contextmenu-item-focus-color,sí,sí,conectada,,,,,,
contextmenu,item/gap,--p-contextmenu-item-gap,sí,sí,conectada,,,,,,
contextmenu,item/icon/active/color,--p-contextmenu-item-icon-active-color,sí,sí,conectada,item,"refresh, variante State=Active",.p-contextmenu-item-active .p-contextmenu-item-icon,HECHO,"estaba atada a item/icon/focus/color; mismo color, sin cambio visual",2026-09-03
contextmenu,item/icon/color,--p-contextmenu-item-icon-color,sí,sí,conectada,,,,,,
contextmenu,item/icon/focus/color,--p-contextmenu-item-icon-focus-color,sí,sí,conectada,,,,,,
contextmenu,item/padding/x,--p-contextmenu-item-padding,sí,sí,conectada,,,,,,
contextmenu,item/padding/y,--p-contextmenu-item-padding,sí,sí,conectada,,,,,,
contextmenu,list/gap,--p-contextmenu-list-gap,sí,sí,conectada,,,,,,
contextmenu,list/padding/x,--p-contextmenu-list-padding,sí,sí,conectada,,,,,,
contextmenu,list/padding/y,--p-contextmenu-list-padding,sí,sí,conectada,,,,,,
contextmenu,separator/border/color,--p-contextmenu-separator-border-color,sí,sí,conectada,,,,,,
contextmenu,submenu/icon/active/color,--p-contextmenu-submenu-icon-active-color,sí,sí,conectada,item,"chevron_forward, variante State=Active",.p-contextmenu-item-active .p-contextmenu-submenu-icon,HECHO,"estaba atada a submenu/icon/focus/color; mismo color, sin cambio visual",2026-09-03
contextmenu,submenu/icon/color,--p-contextmenu-submenu-icon-color,sí,sí,conectada,,,,,,
contextmenu,submenu/icon/focus/color,--p-contextmenu-submenu-icon-focus-color,sí,sí,conectada,,,,,,
contextmenu,submenu/icon/size,--p-contextmenu-submenu-icon-size,sí,sí,conectada,,,,,,
contextmenu,submenu/mobile/indent,--p-contextmenu-submenu-mobile-indent,no,no,muerta,,,,,,
contextmenu,,--p-contextmenu-shadow,,sí,solo web,,,,,,
contextmenu,,--p-contextmenu-transition-duration,,sí,solo web,,,,,,
datatable,body/cell/border/color,--p-datatable-body-cell-border-color,sí,sí,conectada,,,,,,
datatable,body/cell/lg/padding/x,--p-datatable-body-cell-lg-padding,sí,sí,conectada,,,,,,
datatable,body/cell/lg/padding/y,--p-datatable-body-cell-lg-padding,sí,sí,conectada,,,,,,
datatable,body/cell/padding/x,--p-datatable-body-cell-padding,sí,sí,conectada,,,,,,
datatable,body/cell/padding/y,--p-datatable-body-cell-padding,sí,sí,conectada,,,,,,
datatable,body/cell/selected/border/color,--p-datatable-body-cell-selected-border-color,no,sí,Figma no la usa,bodyCell,no hay capa,.p-datatable-tbody>tr.p-datatable-row-selected>td,no,"la celda no tiene eje Selected; la selección se dibuja en la fila",2026-09-03
datatable,body/cell/sm/padding/x,--p-datatable-body-cell-sm-padding,sí,sí,conectada,,,,,,
datatable,body/cell/sm/padding/y,--p-datatable-body-cell-sm-padding,sí,sí,conectada,,,,,,
datatable,border/color,--p-datatable-border-color,no,no,muerta,,,,,,
datatable,column/footer/font/weight,--p-datatable-column-footer-font-weight,sí,sí,conectada,,,,,,
datatable,column/resizer/width,--p-datatable-column-resizer-width,no,sí,Figma no la usa,resize,no hay capa,.p-datatable-column-resizer,no,FALTA DIBUJARLO: no se dibuja el redimensionado de columnas,2026-09-03
datatable,column/title/font/weight,--p-datatable-column-title-font-weight,sí,sí,conectada,,,,,,
datatable,drop/point/color,--p-datatable-drop-point-color,no,sí,Figma no la usa,reorder,no hay capa,.p-datatable-drop-point,no,FALTA DIBUJARLO: no se dibuja el reordenado de columnas,2026-09-03
datatable,filter/constraint/border/radius,--p-datatable-filter-constraint-border-radius,no,sí,Figma no la usa,overlay de filtros,no hay capa,.p-datatable-filter-*,no,FALTA DIBUJARLO: el DS no dibuja el overlay de filtros (0 capas con ese nombre en la página),2026-09-03
datatable,filter/constraint/color,--p-datatable-filter-constraint-color,no,sí,Figma no la usa,overlay de filtros,no hay capa,.p-datatable-filter-*,no,FALTA DIBUJARLO: el DS no dibuja el overlay de filtros (0 capas con ese nombre en la página),2026-09-03
datatable,filter/constraint/focus/background,--p-datatable-filter-constraint-focus-background,no,sí,Figma no la usa,overlay de filtros,no hay capa,.p-datatable-filter-*,no,FALTA DIBUJARLO: el DS no dibuja el overlay de filtros (0 capas con ese nombre en la página),2026-09-03
datatable,filter/constraint/focus/color,--p-datatable-filter-constraint-focus-color,no,sí,Figma no la usa,overlay de filtros,no hay capa,.p-datatable-filter-*,no,FALTA DIBUJARLO: el DS no dibuja el overlay de filtros (0 capas con ese nombre en la página),2026-09-03
datatable,filter/constraint/list/gap,--p-datatable-filter-constraint-list-gap,no,sí,Figma no la usa,overlay de filtros,no hay capa,.p-datatable-filter-*,no,FALTA DIBUJARLO: el DS no dibuja el overlay de filtros (0 capas con ese nombre en la página),2026-09-03
datatable,filter/constraint/selected/background,--p-datatable-filter-constraint-selected-background,no,sí,Figma no la usa,overlay de filtros,no hay capa,.p-datatable-filter-*,no,FALTA DIBUJARLO: el DS no dibuja el overlay de filtros (0 capas con ese nombre en la página),2026-09-03
datatable,filter/constraint/selected/color,--p-datatable-filter-constraint-selected-color,no,sí,Figma no la usa,overlay de filtros,no hay capa,.p-datatable-filter-*,no,FALTA DIBUJARLO: el DS no dibuja el overlay de filtros (0 capas con ese nombre en la página),2026-09-03
datatable,filter/constraint/selected/focus/background,--p-datatable-filter-constraint-selected-focus-background,no,sí,Figma no la usa,overlay de filtros,no hay capa,.p-datatable-filter-*,no,FALTA DIBUJARLO: el DS no dibuja el overlay de filtros (0 capas con ese nombre en la página),2026-09-03
datatable,filter/constraint/selected/focus/color,--p-datatable-filter-constraint-selected-focus-color,no,sí,Figma no la usa,overlay de filtros,no hay capa,.p-datatable-filter-*,no,FALTA DIBUJARLO: el DS no dibuja el overlay de filtros (0 capas con ese nombre en la página),2026-09-03
datatable,filter/constraint/separator/border/color,--p-datatable-filter-constraint-separator-border-color,no,sí,Figma no la usa,overlay de filtros,no hay capa,.p-datatable-filter-*,no,FALTA DIBUJARLO: el DS no dibuja el overlay de filtros (0 capas con ese nombre en la página),2026-09-03
datatable,filter/inline/gap,--p-datatable-filter-inline-gap,no,sí,Figma no la usa,overlay de filtros,no hay capa,.p-datatable-filter-*,no,FALTA DIBUJARLO: el DS no dibuja el overlay de filtros (0 capas con ese nombre en la página),2026-09-03
datatable,filter/overlay/popover/background,--p-datatable-filter-overlay-popover-background,no,sí,Figma no la usa,overlay de filtros,no hay capa,.p-datatable-filter-*,no,FALTA DIBUJARLO: el DS no dibuja el overlay de filtros (0 capas con ese nombre en la página),2026-09-03
datatable,filter/overlay/popover/border/color,--p-datatable-filter-overlay-popover-border-color,no,sí,Figma no la usa,overlay de filtros,no hay capa,.p-datatable-filter-*,no,FALTA DIBUJARLO: el DS no dibuja el overlay de filtros (0 capas con ese nombre en la página),2026-09-03
datatable,filter/overlay/popover/border/radius,--p-datatable-filter-overlay-popover-border-radius,no,sí,Figma no la usa,overlay de filtros,no hay capa,.p-datatable-filter-*,no,FALTA DIBUJARLO: el DS no dibuja el overlay de filtros (0 capas con ese nombre en la página),2026-09-03
datatable,filter/overlay/popover/color,--p-datatable-filter-overlay-popover-color,no,sí,Figma no la usa,overlay de filtros,no hay capa,.p-datatable-filter-*,no,FALTA DIBUJARLO: el DS no dibuja el overlay de filtros (0 capas con ese nombre en la página),2026-09-03
datatable,filter/overlay/popover/gap,--p-datatable-filter-overlay-popover-gap,no,sí,Figma no la usa,overlay de filtros,no hay capa,.p-datatable-filter-*,no,FALTA DIBUJARLO: el DS no dibuja el overlay de filtros (0 capas con ese nombre en la página),2026-09-03
datatable,filter/overlay/popover/padding,--p-datatable-filter-overlay-popover-padding,no,sí,Figma no la usa,overlay de filtros,no hay capa,.p-datatable-filter-*,no,FALTA DIBUJARLO: el DS no dibuja el overlay de filtros (0 capas con ese nombre en la página),2026-09-03
datatable,filter/overlay/select/background,--p-datatable-filter-overlay-select-background,no,sí,Figma no la usa,overlay de filtros,no hay capa,.p-datatable-filter-*,no,FALTA DIBUJARLO: el DS no dibuja el overlay de filtros (0 capas con ese nombre en la página),2026-09-03
datatable,filter/overlay/select/border/color,--p-datatable-filter-overlay-select-border-color,no,sí,Figma no la usa,overlay de filtros,no hay capa,.p-datatable-filter-*,no,FALTA DIBUJARLO: el DS no dibuja el overlay de filtros (0 capas con ese nombre en la página),2026-09-03
datatable,filter/overlay/select/border/radius,--p-datatable-filter-overlay-select-border-radius,no,sí,Figma no la usa,overlay de filtros,no hay capa,.p-datatable-filter-*,no,FALTA DIBUJARLO: el DS no dibuja el overlay de filtros (0 capas con ese nombre en la página),2026-09-03
datatable,filter/overlay/select/color,--p-datatable-filter-overlay-select-color,no,sí,Figma no la usa,overlay de filtros,no hay capa,.p-datatable-filter-*,no,FALTA DIBUJARLO: el DS no dibuja el overlay de filtros (0 capas con ese nombre en la página),2026-09-03
datatable,filter/rule/border/color,--p-datatable-filter-rule-border-color,no,sí,Figma no la usa,overlay de filtros,no hay capa,.p-datatable-filter-*,no,FALTA DIBUJARLO: el DS no dibuja el overlay de filtros (0 capas con ese nombre en la página),2026-09-03
datatable,footer/background,--p-datatable-footer-background,sí,sí,conectada,,,,,,
datatable,footer/border/color,--p-datatable-footer-border-color,sí,sí,conectada,,,,,,
datatable,footer/border/width,--p-datatable-footer-border-width,sí,sí,conectada,footer,"datatable-footer, 3 variantes (lado inferior)",.p-datatable-footer { border-width },HECHO,idem,2026-09-03
datatable,footer/cell/background,--p-datatable-footer-cell-background,sí,sí,conectada,,,,,,
datatable,footer/cell/border/color,--p-datatable-footer-cell-border-color,sí,sí,conectada,,,,,,
datatable,footer/cell/color,--p-datatable-footer-cell-color,sí,sí,conectada,,,,,,
datatable,footer/cell/lg/padding/x,--p-datatable-footer-cell-lg-padding,sí,sí,conectada,,,,,,
datatable,footer/cell/lg/padding/y,--p-datatable-footer-cell-lg-padding,sí,sí,conectada,,,,,,
datatable,footer/cell/padding/x,--p-datatable-footer-cell-padding,sí,sí,conectada,,,,,,
datatable,footer/cell/padding/y,--p-datatable-footer-cell-padding,sí,sí,conectada,,,,,,
datatable,footer/cell/sm/padding/x,--p-datatable-footer-cell-sm-padding,sí,sí,conectada,,,,,,
datatable,footer/cell/sm/padding/y,--p-datatable-footer-cell-sm-padding,sí,sí,conectada,,,,,,
datatable,footer/color,--p-datatable-footer-color,sí,sí,conectada,,,,,,
datatable,footer/lg/padding/x,--p-datatable-footer-lg-padding,sí,sí,conectada,,,,,,
datatable,footer/lg/padding/y,--p-datatable-footer-lg-padding,sí,sí,conectada,,,,,,
datatable,footer/padding/x,--p-datatable-footer-padding,sí,sí,conectada,,,,,,
datatable,footer/padding/y,--p-datatable-footer-padding,sí,sí,conectada,,,,,,
datatable,footer/sm/padding/x,--p-datatable-footer-sm-padding,sí,sí,conectada,,,,,,
datatable,footer/sm/padding/y,--p-datatable-footer-sm-padding,sí,sí,conectada,,,,,,
datatable,header/background,--p-datatable-header-background,sí,sí,conectada,,,,,,
datatable,header/border/color,--p-datatable-header-border-color,sí,sí,conectada,,,,,,
datatable,header/border/width,--p-datatable-header-border-width,sí,sí,conectada,header,"datatable-header, 3 variantes (lado inferior)",.p-datatable-header { border-width },HECHO,"atado el grosor inferior a la variable; valía 1 y sigue valiendo 1",2026-09-03
datatable,header/cell/background,--p-datatable-header-cell-background,sí,sí,conectada,,,,,,
datatable,header/cell/border/color,--p-datatable-header-cell-border-color,sí,sí,conectada,,,,,,
datatable,header/cell/color,--p-datatable-header-cell-color,sí,sí,conectada,,,,,,
datatable,header/cell/focus/ring/color,--p-datatable-header-cell-focus-ring-color,no,sí,Figma no la usa,focusRing,no hay capa,outline,no,"el DataTable no dibuja estado de foco: header-cell, row y toggle button no tienen eje Focus",2026-09-03
datatable,header/cell/focus/ring/offset,--p-datatable-header-cell-focus-ring-offset,no,sí,Figma no la usa,focusRing,no hay capa,outline,no,"el DataTable no dibuja estado de foco: header-cell, row y toggle button no tienen eje Focus",2026-09-03
datatable,header/cell/focus/ring/width,--p-datatable-header-cell-focus-ring-width,no,sí,Figma no la usa,focusRing,no hay capa,outline,no,"el DataTable no dibuja estado de foco: header-cell, row y toggle button no tienen eje Focus",2026-09-03
datatable,header/cell/gap,--p-datatable-header-cell-gap,sí,sí,conectada,,,,,,
datatable,header/cell/hover/background,--p-datatable-header-cell-hover-background,sí,sí,conectada,,,,,,
datatable,header/cell/hover/color,--p-datatable-header-cell-hover-color,sí,sí,conectada,,,,,,
datatable,header/cell/lg/padding/x,--p-datatable-header-cell-lg-padding,sí,sí,conectada,,,,,,
datatable,header/cell/lg/padding/y,--p-datatable-header-cell-lg-padding,sí,sí,conectada,,,,,,
datatable,header/cell/padding/x,--p-datatable-header-cell-padding,sí,sí,conectada,,,,,,
datatable,header/cell/padding/y,--p-datatable-header-cell-padding,sí,sí,conectada,,,,,,
datatable,header/cell/selected/background,--p-datatable-header-cell-selected-background,sí,sí,conectada,,,,,,
datatable,header/cell/selected/color,--p-datatable-header-cell-selected-color,sí,sí,conectada,,,,,,
datatable,header/cell/sm/padding/x,--p-datatable-header-cell-sm-padding,sí,sí,conectada,,,,,,
datatable,header/cell/sm/padding/y,--p-datatable-header-cell-sm-padding,sí,sí,conectada,,,,,,
datatable,header/color,--p-datatable-header-color,sí,sí,conectada,,,,,,
datatable,header/lg/padding/x,--p-datatable-header-lg-padding,sí,sí,conectada,,,,,,
datatable,header/lg/padding/y,--p-datatable-header-lg-padding,sí,sí,conectada,,,,,,
datatable,header/padding/x,--p-datatable-header-padding,sí,sí,conectada,,,,,,
datatable,header/padding/y,--p-datatable-header-padding,sí,sí,conectada,,,,,,
datatable,header/sm/padding/x,--p-datatable-header-sm-padding,sí,sí,conectada,,,,,,
datatable,header/sm/padding/y,--p-datatable-header-sm-padding,sí,sí,conectada,,,,,,
datatable,loading/icon/size,--p-datatable-loading-icon-size,no,sí,Figma no la usa,loading,no hay capa,.p-datatable-loading-icon,no,FALTA DIBUJARLO: no se dibuja el estado de carga,2026-09-03
datatable,paginator/bottom/border/color,--p-datatable-paginator-bottom-border-color,no,sí,Figma no la usa,paginator,no hay capa,.p-datatable-paginator-*,no,FALTA DIBUJARLO: el DS no dibuja el paginador dentro de la tabla,2026-09-03
datatable,paginator/bottom/border/width,--p-datatable-paginator-bottom-border-width,no,sí,Figma no la usa,paginator,no hay capa,.p-datatable-paginator-*,no,FALTA DIBUJARLO: el DS no dibuja el paginador dentro de la tabla,2026-09-03
datatable,paginator/top/border/color,--p-datatable-paginator-top-border-color,no,sí,Figma no la usa,paginator,no hay capa,.p-datatable-paginator-*,no,FALTA DIBUJARLO: el DS no dibuja el paginador dentro de la tabla,2026-09-03
datatable,paginator/top/border/width,--p-datatable-paginator-top-border-width,no,sí,Figma no la usa,paginator,no hay capa,.p-datatable-paginator-*,no,FALTA DIBUJARLO: el DS no dibuja el paginador dentro de la tabla,2026-09-03
datatable,resize/indicator/color,--p-datatable-resize-indicator-color,no,sí,Figma no la usa,resize,no hay capa,.p-datatable-column-resizer,no,FALTA DIBUJARLO: no se dibuja el redimensionado de columnas,2026-09-03
datatable,resize/indicator/width,--p-datatable-resize-indicator-width,no,sí,Figma no la usa,resize,no hay capa,.p-datatable-column-resizer,no,FALTA DIBUJARLO: no se dibuja el redimensionado de columnas,2026-09-03
datatable,row/background,--p-datatable-row-background,sí,sí,conectada,,,,,,
datatable,row/color,--p-datatable-row-color,sí,sí,conectada,,,,,,
datatable,row/focus/ring/color,--p-datatable-row-focus-ring-color,no,sí,Figma no la usa,focusRing,no hay capa,outline,no,"el DataTable no dibuja estado de foco: header-cell, row y toggle button no tienen eje Focus",2026-09-03
datatable,row/focus/ring/offset,--p-datatable-row-focus-ring-offset,no,sí,Figma no la usa,focusRing,no hay capa,outline,no,"el DataTable no dibuja estado de foco: header-cell, row y toggle button no tienen eje Focus",2026-09-03
datatable,row/focus/ring/width,--p-datatable-row-focus-ring-width,no,sí,Figma no la usa,focusRing,no hay capa,outline,no,"el DataTable no dibuja estado de foco: header-cell, row y toggle button no tienen eje Focus",2026-09-03
datatable,row/hover/background,--p-datatable-row-hover-background,sí,sí,conectada,,,,,,
datatable,row/hover/color,--p-datatable-row-hover-color,sí,sí,conectada,,,,,,
datatable,row/selected/background,--p-datatable-row-selected-background,sí,sí,conectada,,,,,,
datatable,row/selected/color,--p-datatable-row-selected-color,sí,sí,conectada,,,,,,
datatable,row/striped/background,--p-datatable-row-striped-background,sí,sí,conectada,,,,,,
datatable,row/toggle/button/border/radius,--p-datatable-row-toggle-button-border-radius,sí,sí,conectada,,,,,,
datatable,row/toggle/button/color,--p-datatable-row-toggle-button-color,sí,sí,conectada,,,,,,
datatable,row/toggle/button/focus/ring/color,--p-datatable-row-toggle-button-focus-ring-color,no,sí,Figma no la usa,focusRing,no hay capa,outline,no,"el DataTable no dibuja estado de foco: header-cell, row y toggle button no tienen eje Focus",2026-09-03
datatable,row/toggle/button/focus/ring/offset,--p-datatable-row-toggle-button-focus-ring-offset,no,sí,Figma no la usa,focusRing,no hay capa,outline,no,"el DataTable no dibuja estado de foco: header-cell, row y toggle button no tienen eje Focus",2026-09-03
datatable,row/toggle/button/focus/ring/width,--p-datatable-row-toggle-button-focus-ring-width,no,sí,Figma no la usa,focusRing,no hay capa,outline,no,"el DataTable no dibuja estado de foco: header-cell, row y toggle button no tienen eje Focus",2026-09-03
datatable,row/toggle/button/hover/background,--p-datatable-row-toggle-button-hover-background,sí,sí,conectada,,,,,,
datatable,row/toggle/button/hover/color,--p-datatable-row-toggle-button-hover-color,no,sí,Figma no la usa,rowToggleButton,"icono del toggle, 8 capas",.p-datatable-row-toggle-button:hover,PENDIENTE DE DECISIÓN,"el icono usa la variable REMOTA «Icon» (#8f97a3) de la librería, no la del DS (#4f5663); atarlo cambia el color",2026-09-03
datatable,row/toggle/button/selected/hover/background,--p-datatable-row-toggle-button-selected-hover-background,no,sí,Figma no la usa,rowToggleButton,"fondo del toggle, 2 variantes Selected+Hover",.p-datatable-row-selected .p-datatable-row-toggle-button:hover,PENDIENTE DE DECISIÓN,"usa treetable/row/selected/background (#edf0f5), de OTRO componente; la del DS vale #ffffff, así que cambia el dibujo",2026-09-03
datatable,row/toggle/button/selected/hover/color,--p-datatable-row-toggle-button-selected-hover-color,no,sí,Figma no la usa,rowToggleButton,"icono del toggle, variantes Selected",.p-datatable-row-selected .p-datatable-row-toggle-button:hover,PENDIENTE DE DECISIÓN,"idem; la del DS vale #1b273d",2026-09-03
datatable,row/toggle/button/size,--p-datatable-row-toggle-button-size,sí,sí,conectada,,,,,,
datatable,sort/icon/color,--p-datatable-sort-icon-color,sí,sí,conectada,,,,,,
datatable,sort/icon/hover/color,--p-datatable-sort-icon-hover-color,sí,sí,conectada,,,,,,
datatable,sort/icon/size,--p-datatable-sort-icon-size,sí,sí,conectada,,,,,,
datatable,,--p-datatable-filter-constraint-list-padding,,sí,solo web,,,,,,
datatable,,--p-datatable-filter-constraint-padding,,sí,solo web,,,,,,
datatable,,--p-datatable-filter-overlay-popover-shadow,,sí,solo web,,,,,,
datatable,,--p-datatable-filter-overlay-select-shadow,,sí,solo web,,,,,,
datatable,,--p-datatable-header-cell-focus-ring-shadow,,sí,solo web,,,,,,
datatable,,--p-datatable-header-cell-focus-ring-style,,sí,solo web,,,,,,
datatable,,--p-datatable-row-focus-ring-shadow,,sí,solo web,,,,,,
datatable,,--p-datatable-row-focus-ring-style,,sí,solo web,,,,,,
datatable,,--p-datatable-row-toggle-button-focus-ring-shadow,,sí,solo web,,,,,,
datatable,,--p-datatable-row-toggle-button-focus-ring-style,,sí,solo web,,,,,,
datatable,,--p-datatable-transition-duration,,sí,solo web,,,,,,
dialog,background,--p-dialog-background,sí,sí,conectada,,,,,,
dialog,border/color,--p-dialog-border-color,sí,sí,conectada,,,,,,
dialog,border/radius,--p-dialog-border-radius,sí,sí,conectada,,,,,,
dialog,color,--p-dialog-color,sí,sí,conectada,,,,,,
dialog,content/padding/bottom,--p-dialog-content-padding,sí,sí,conectada,,,,,,
dialog,content/padding/left,--p-dialog-content-padding,sí,sí,conectada,,,,,,
dialog,content/padding/right,--p-dialog-content-padding,sí,sí,conectada,,,,,,
dialog,content/padding/top,--p-dialog-content-padding,sí,sí,conectada,,,,,,
dialog,footer/gap,--p-dialog-footer-gap,sí,sí,conectada,,,,,,
dialog,footer/padding/bottom,--p-dialog-footer-padding,sí,sí,conectada,,,,,,
dialog,footer/padding/left,--p-dialog-footer-padding,sí,sí,conectada,,,,,,
dialog,footer/padding/right,--p-dialog-footer-padding,sí,sí,conectada,,,,,,
dialog,footer/padding/top,--p-dialog-footer-padding,sí,sí,conectada,,,,,,
dialog,header/gap,--p-dialog-header-gap,sí,sí,conectada,,,,,,
dialog,header/padding,--p-dialog-header-padding,sí,sí,conectada,,,,,,
dialog,title/font/size,--p-dialog-title-font-size,sí,sí,conectada,,,,,,
dialog,title/font/weight,--p-dialog-title-font-weight,sí,sí,conectada,,,,,,
dialog,,--p-dialog-shadow,,sí,solo web,,,,,,
inputnumber,button/active/background,--p-inputnumber-button-active-background,sí,sí,conectada,,,,,,
inputnumber,button/active/border/color,--p-inputnumber-button-active-border-color,sí,sí,conectada,,,,,,
inputnumber,button/active/color,--p-inputnumber-button-active-color,sí,sí,conectada,,,,,,
inputnumber,button/background,--p-inputnumber-button-background,sí,sí,conectada,,,,,,
inputnumber,button/border/color,--p-inputnumber-button-border-color,sí,sí,conectada,,,,,,
inputnumber,button/border/radius,--p-inputnumber-button-border-radius,sí,sí,conectada,,,,,,
inputnumber,button/color,--p-inputnumber-button-color,sí,sí,conectada,,,,,,
inputnumber,button/hover/background,--p-inputnumber-button-hover-background,sí,sí,conectada,,,,,,
inputnumber,button/hover/border/color,--p-inputnumber-button-hover-border-color,sí,sí,conectada,,,,,,
inputnumber,button/hover/color,--p-inputnumber-button-hover-color,sí,sí,conectada,,,,,,
inputnumber,button/vertical/padding,--p-inputnumber-button-vertical-padding,sí,sí,conectada,,,,,,
inputnumber,button/width,--p-inputnumber-button-width,sí,sí,conectada,,,,,,
inputnumber,,--p-inputnumber-transition-duration,,sí,solo web,,,,,,
inputtext,background,--p-inputtext-background,sí,sí,conectada,,,,,,
inputtext,border/color,--p-inputtext-border-color,sí,sí,conectada,,,,,,
inputtext,border/radius,--p-inputtext-border-radius,sí,sí,conectada,,,,,,
inputtext,color,--p-inputtext-color,sí,sí,conectada,,,,,,
inputtext,disabled/background,--p-inputtext-disabled-background,sí,sí,conectada,,,,,,
inputtext,disabled/color,--p-inputtext-disabled-color,sí,sí,conectada,,,,,,
inputtext,filled/background,--p-inputtext-filled-background,sí,sí,conectada,,,,,,
inputtext,filled/focus/background,--p-inputtext-filled-focus-background,sí,sí,conectada,,,,,,
inputtext,filled/hover/background,--p-inputtext-filled-hover-background,sí,sí,conectada,,,,,,
inputtext,focus/border/color,--p-inputtext-focus-border-color,sí,sí,conectada,,,,,,
inputtext,focus/ring/color,--p-inputtext-focus-ring-color,no,sí,Figma no la usa,focusRing,no hay capa,,no,"el foco se dibuja como cambio de color de borde (inputtext/focus/border/color) más sombra, no como anillo",2026-09-03
inputtext,focus/ring/offset,--p-inputtext-focus-ring-offset,no,sí,Figma no la usa,focusRing,no hay capa,,no,"el foco se dibuja como cambio de color de borde (inputtext/focus/border/color) más sombra, no como anillo",2026-09-03
inputtext,focus/ring/width,--p-inputtext-focus-ring-width,no,sí,Figma no la usa,focusRing,no hay capa,,no,"el foco se dibuja como cambio de color de borde (inputtext/focus/border/color) más sombra, no como anillo",2026-09-03
inputtext,hover/border/color,--p-inputtext-hover-border-color,sí,sí,conectada,,,,,,
inputtext,invalid/border/color,--p-inputtext-invalid-border-color,sí,sí,conectada,,,,,,
inputtext,invalid/placeholder/color,--p-inputtext-invalid-placeholder-color,sí,sí,conectada,,,,,,
inputtext,lg/font/size,--p-inputtext-lg-font-size,sí,sí,conectada,,,,,,
inputtext,lg/padding/x,--p-inputtext-lg-padding-x,sí,sí,conectada,,,,,,
inputtext,lg/padding/y,--p-inputtext-lg-padding-y,sí,sí,conectada,,,,,,
inputtext,padding/x,--p-inputtext-padding-x,sí,sí,conectada,,,,,,
inputtext,padding/y,--p-inputtext-padding-y,sí,sí,conectada,,,,,,
inputtext,placeholder/color,--p-inputtext-placeholder-color,sí,sí,conectada,,,,,,
inputtext,sm/font/size,--p-inputtext-sm-font-size,sí,sí,conectada,,,,,,
inputtext,sm/padding/x,--p-inputtext-sm-padding-x,sí,sí,conectada,,,,,,
inputtext,sm/padding/y,--p-inputtext-sm-padding-y,sí,sí,conectada,,,,,,
inputtext,,--p-inputtext-focus-ring-shadow,,sí,solo web,,,,,,
inputtext,,--p-inputtext-focus-ring-style,,sí,solo web,,,,,,
inputtext,,--p-inputtext-shadow,,sí,solo web,,,,,,
inputtext,,--p-inputtext-transition-duration,,sí,solo web,,,,,,
menu,background,--p-menu-background,sí,sí,conectada,,,,,,
menu,border/color,--p-menu-border-color,sí,sí,conectada,,,,,,
menu,border/radius,--p-menu-border-radius,sí,sí,conectada,,,,,,
menu,color,--p-menu-color,no,sí,Figma no la usa,root,no hay capa,.p-menu { color },no,"color de texto heredado del panel; en Figma cada texto lleva el suyo",2026-09-03
menu,item/border/radius,--p-menu-item-border-radius,sí,sí,conectada,,,,,,
menu,item/color,--p-menu-item-color,sí,sí,conectada,,,,,,
menu,item/focus/background,--p-menu-item-focus-background,sí,sí,conectada,,,,,,
menu,item/focus/color,--p-menu-item-focus-color,sí,sí,conectada,,,,,,
menu,item/gap,--p-menu-item-gap,sí,sí,conectada,,,,,,
menu,item/icon/color,--p-menu-item-icon-color,sí,sí,conectada,item,"refresh del maestro menu-item, variante Idle",.p-menu-item-icon { color },HECHO,"27 capas apuntaban a menubar/item/icon/color; corregido en el maestro, las instancias heredaron; mismo color",2026-09-03
menu,item/icon/focus/color,--p-menu-item-icon-focus-color,sí,sí,conectada,,,,,,
menu,item/padding/x,--p-menu-item-padding,sí,sí,conectada,,,,,,
menu,item/padding/y,--p-menu-item-padding,sí,sí,conectada,,,,,,
menu,list/gap,--p-menu-list-gap,sí,sí,conectada,,,,,,
menu,list/padding/x,--p-menu-list-padding,sí,sí,conectada,,,,,,
menu,list/padding/y,--p-menu-list-padding,sí,sí,conectada,,,,,,
menu,separator/border/color,--p-menu-separator-border-color,sí,sí,conectada,,,,,,
menu,submenu/label/background,--p-menu-submenu-label-background,sí,sí,conectada,,,,,,
menu,submenu/label/color,--p-menu-submenu-label-color,sí,sí,conectada,,,,,,
menu,submenu/label/font/weight,--p-menu-submenu-label-font-weight,sí,sí,conectada,,,,,,
menu,submenu/label/padding/x,--p-menu-submenu-label-padding,sí,sí,conectada,,,,,,
menu,submenu/label/padding/y,--p-menu-submenu-label-padding,sí,sí,conectada,,,,,,
menu,,--p-menu-shadow,,sí,solo web,,,,,,
menu,,--p-menu-transition-duration,,sí,solo web,,,,,,
multiselect,background,--p-multiselect-background,sí,sí,conectada,,,,,,
multiselect,border/color,--p-multiselect-border-color,sí,sí,conectada,,,,,,
multiselect,border/radius,--p-multiselect-border-radius,sí,sí,conectada,,,,,,
multiselect,chip/border/radius,--p-multiselect-chip-border-radius,sí,sí,conectada,,,,,,
multiselect,clear/icon/color,--p-multiselect-clear-icon-color,sí,sí,conectada,,,,,,
multiselect,color,--p-multiselect-color,sí,sí,conectada,,,,,,
multiselect,disabled/background,--p-multiselect-disabled-background,sí,sí,conectada,,,,,,
multiselect,disabled/color,--p-multiselect-disabled-color,sí,sí,conectada,,,,,,
multiselect,dropdown/color,--p-multiselect-dropdown-color,sí,sí,conectada,,,,,,
multiselect,dropdown/width,--p-multiselect-dropdown-width,sí,sí,conectada,,,,,,
multiselect,filled/background,--p-multiselect-filled-background,sí,sí,conectada,,,,,,
multiselect,filled/focus/background,--p-multiselect-filled-focus-background,sí,sí,conectada,,,,,,
multiselect,filled/hover/background,--p-multiselect-filled-hover-background,sí,sí,conectada,,,,,,
multiselect,focus/border/color,--p-multiselect-focus-border-color,sí,sí,conectada,,,,,,
multiselect,focus/ring/color,--p-multiselect-focus-ring-color,no,sí,Figma no la usa,focusRing,no hay capa,,no,"el foco se dibuja como cambio de color de borde (multiselect/focus/border/color) más sombra, no como anillo",2026-09-03
multiselect,focus/ring/offset,--p-multiselect-focus-ring-offset,no,sí,Figma no la usa,focusRing,no hay capa,,no,"el foco se dibuja como cambio de color de borde (multiselect/focus/border/color) más sombra, no como anillo",2026-09-03
multiselect,focus/ring/width,--p-multiselect-focus-ring-width,no,sí,Figma no la usa,focusRing,no hay capa,,no,"el foco se dibuja como cambio de color de borde (multiselect/focus/border/color) más sombra, no como anillo",2026-09-03
multiselect,hover/border/color,--p-multiselect-hover-border-color,sí,sí,conectada,,,,,,
multiselect,invalid/border/color,--p-multiselect-invalid-border-color,sí,sí,conectada,,,,,,
multiselect,invalid/placeholder/color,--p-multiselect-invalid-placeholder-color,sí,sí,conectada,,,,,,
multiselect,lg/font/size,--p-multiselect-lg-font-size,sí,sí,conectada,,,,,,
multiselect,lg/padding/x,--p-multiselect-lg-padding-x,sí,sí,conectada,,,,,,
multiselect,lg/padding/y,--p-multiselect-lg-padding-y,sí,sí,conectada,,,,,,
multiselect,list/gap,--p-multiselect-list-gap,sí,sí,conectada,,,,,,
multiselect,list/header/padding/bottom,--p-multiselect-list-header-padding,sí,sí,conectada,,,,,,
multiselect,list/header/padding/left,--p-multiselect-list-header-padding,sí,sí,conectada,,,,,,
multiselect,list/header/padding/right,--p-multiselect-list-header-padding,sí,sí,conectada,,,,,,
multiselect,list/header/padding/top,--p-multiselect-list-header-padding,sí,sí,conectada,,,,,,
multiselect,list/padding/x,--p-multiselect-list-padding,sí,sí,conectada,,,,,,
multiselect,list/padding/y,--p-multiselect-list-padding,sí,sí,conectada,,,,,,
multiselect,option/border/radius,--p-multiselect-option-border-radius,sí,sí,conectada,,,,,,
multiselect,option/color,--p-multiselect-option-color,sí,sí,conectada,,,,,,
multiselect,option/focus/background,--p-multiselect-option-focus-background,sí,sí,conectada,,,,,,
multiselect,option/focus/color,--p-multiselect-option-focus-color,sí,sí,conectada,,,,,,
multiselect,option/gap,--p-multiselect-option-gap,sí,sí,conectada,,,,,,
multiselect,option/group/background,--p-multiselect-option-group-background,sí,sí,conectada,,,,,,
multiselect,option/group/color,--p-multiselect-option-group-color,sí,sí,conectada,,,,,,
multiselect,option/group/font/weight,--p-multiselect-option-group-font-weight,sí,sí,conectada,,,,,,
multiselect,option/group/padding/x,--p-multiselect-option-group-padding,sí,sí,conectada,,,,,,
multiselect,option/group/padding/y,--p-multiselect-option-group-padding,sí,sí,conectada,,,,,,
multiselect,option/padding/x,--p-multiselect-option-padding,sí,sí,conectada,,,,,,
multiselect,option/padding/y,--p-multiselect-option-padding,sí,sí,conectada,,,,,,
multiselect,option/selected/background,--p-multiselect-option-selected-background,sí,sí,conectada,,,,,,
multiselect,option/selected/color,--p-multiselect-option-selected-color,sí,sí,conectada,,,,,,
multiselect,option/selected/focus/background,--p-multiselect-option-selected-focus-background,no,sí,Figma no la usa,option,no hay capa,.p-multiselect-option-selected.p-focus,no,FALTA DIBUJARLO: idem,2026-09-03
multiselect,option/selected/focus/color,--p-multiselect-option-selected-focus-color,no,sí,Figma no la usa,option,no hay capa,.p-multiselect-option-selected.p-focus,no,FALTA DIBUJARLO: idem,2026-09-03
multiselect,overlay/background,--p-multiselect-overlay-background,sí,sí,conectada,,,,,,
multiselect,overlay/border/color,--p-multiselect-overlay-border-color,sí,sí,conectada,,,,,,
multiselect,overlay/border/radius,--p-multiselect-overlay-border-radius,sí,sí,conectada,,,,,,
multiselect,overlay/color,--p-multiselect-overlay-color,no,sí,Figma no la usa,overlay,no hay capa,.p-multiselect-overlay { color },no,idem,2026-09-03
multiselect,padding/x,--p-multiselect-padding-x,sí,sí,conectada,,,,,,
multiselect,padding/y,--p-multiselect-padding-y,sí,sí,conectada,,,,,,
multiselect,placeholder/color,--p-multiselect-placeholder-color,sí,sí,conectada,,,,,,
multiselect,sm/font/size,--p-multiselect-sm-font-size,sí,sí,conectada,,,,,,
multiselect,sm/padding/x,--p-multiselect-sm-padding-x,sí,sí,conectada,,,,,,
multiselect,sm/padding/y,--p-multiselect-sm-padding-y,sí,sí,conectada,,,,,,
multiselect,,--p-multiselect-empty-message-padding,,sí,solo web,,,,,,
multiselect,,--p-multiselect-focus-ring-shadow,,sí,solo web,,,,,,
multiselect,,--p-multiselect-focus-ring-style,,sí,solo web,,,,,,
multiselect,,--p-multiselect-overlay-shadow,,sí,solo web,,,,,,
multiselect,,--p-multiselect-shadow,,sí,solo web,,,,,,
multiselect,,--p-multiselect-transition-duration,,sí,solo web,,,,,,
radiobutton,background,--p-radiobutton-background,sí,sí,conectada,,,,,,
radiobutton,border/color,--p-radiobutton-border-color,sí,sí,conectada,,,,,,
radiobutton,checked/background,--p-radiobutton-checked-background,sí,sí,conectada,,,,,,
radiobutton,checked/border/color,--p-radiobutton-checked-border-color,sí,sí,conectada,,,,,,
radiobutton,checked/disabled/border/color,--p-radiobutton-checked-disabled-border-color,sí,sí,conectada,,,,,,
radiobutton,checked/focus/border/color,--p-radiobutton-checked-focus-border-color,sí,sí,conectada,,,,,,
radiobutton,checked/hover/background,--p-radiobutton-checked-hover-background,sí,sí,conectada,,,,,,
radiobutton,checked/hover/border/color,--p-radiobutton-checked-hover-border-color,sí,sí,conectada,,,,,,
radiobutton,disabled/background,--p-radiobutton-disabled-background,sí,sí,conectada,,,,,,
radiobutton,filled/background,--p-radiobutton-filled-background,sí,sí,conectada,,,,,,
radiobutton,focus/border/color,--p-radiobutton-focus-border-color,sí,sí,conectada,,,,,,
radiobutton,focus/ring/color,--p-radiobutton-focus-ring-color,sí,sí,conectada,,,,,,
radiobutton,focus/ring/offset,--p-radiobutton-focus-ring-offset,sí,sí,conectada,,,,,,
radiobutton,focus/ring/width,--p-radiobutton-focus-ring-width,no,sí,Figma no la usa,focusRing,no hay capa,outline-width,no,"anillo de foco: la capa dibuja hueco + anillo, la suma de dos tokens, y Figma no suma",2026-09-03
radiobutton,height,--p-radiobutton-height,sí,sí,conectada,,,,,,
radiobutton,hover/border/color,--p-radiobutton-hover-border-color,sí,sí,conectada,,,,,,
radiobutton,icon/checked/color,--p-radiobutton-icon-checked-color,sí,sí,conectada,,,,,,
radiobutton,icon/checked/hover/color,--p-radiobutton-icon-checked-hover-color,sí,sí,conectada,,,,,,
radiobutton,icon/disabled/color,--p-radiobutton-icon-disabled-color,sí,sí,conectada,,,,,,
radiobutton,icon/lg/size,--p-radiobutton-icon-lg-size,sí,sí,conectada,,,,,,
radiobutton,icon/size,--p-radiobutton-icon-size,sí,sí,conectada,,,,,,
radiobutton,icon/sm/size,--p-radiobutton-icon-sm-size,sí,sí,conectada,,,,,,
radiobutton,invalid/border/color,--p-radiobutton-invalid-border-color,no,sí,Figma no la usa,root,no hay capa,.p-radiobutton.p-invalid,no,FALTA DIBUJARLO: no hay variante inválida,2026-09-03
radiobutton,lg/height,--p-radiobutton-lg-height,sí,sí,conectada,,,,,,
radiobutton,lg/width,--p-radiobutton-lg-width,sí,sí,conectada,,,,,,
radiobutton,sm/height,--p-radiobutton-sm-height,sí,sí,conectada,,,,,,
radiobutton,sm/width,--p-radiobutton-sm-width,sí,sí,conectada,,,,,,
radiobutton,width,--p-radiobutton-width,sí,sí,conectada,,,,,,
radiobutton,,--p-radiobutton-focus-ring-shadow,,sí,solo web,,,,,,
radiobutton,,--p-radiobutton-focus-ring-style,,sí,solo web,,,,,,
radiobutton,,--p-radiobutton-shadow,,sí,solo web,,,,,,
radiobutton,,--p-radiobutton-transition-duration,,sí,solo web,,,,,,
select,background,--p-select-background,sí,sí,conectada,,,,,,
select,border/color,--p-select-border-color,sí,sí,conectada,,,,,,
select,border/radius,--p-select-border-radius,sí,sí,conectada,,,,,,
select,checkmark/color,--p-select-checkmark-color,no,sí,Figma no la usa,option,no hay capa,.p-select-option-check-icon,no,FALTA DIBUJARLO: el DS no dibuja el check de la opción,2026-09-03
select,checkmark/gutter/end,--p-select-checkmark-gutter-end,no,sí,Figma no la usa,option,no hay capa,.p-select-option-check-icon,no,FALTA DIBUJARLO: idem,2026-09-03
select,checkmark/gutter/start,--p-select-checkmark-gutter-start,no,sí,Figma no la usa,option,no hay capa,.p-select-option-check-icon,no,FALTA DIBUJARLO: idem,2026-09-03
select,clear/icon/color,--p-select-clear-icon-color,sí,sí,conectada,,,,,,
select,color,--p-select-color,sí,sí,conectada,,,,,,
select,disabled/background,--p-select-disabled-background,sí,sí,conectada,,,,,,
select,disabled/color,--p-select-disabled-color,sí,sí,conectada,,,,,,
select,dropdown/color,--p-select-dropdown-color,sí,sí,conectada,,,,,,
select,dropdown/width,--p-select-dropdown-width,sí,sí,conectada,,,,,,
select,filled/background,--p-select-filled-background,sí,sí,conectada,,,,,,
select,filled/focus/background,--p-select-filled-focus-background,sí,sí,conectada,,,,,,
select,filled/hover/background,--p-select-filled-hover-background,sí,sí,conectada,,,,,,
select,focus/border/color,--p-select-focus-border-color,sí,sí,conectada,,,,,,
select,focus/ring/color,--p-select-focus-ring-color,no,sí,Figma no la usa,focusRing,no hay capa,,no,"el foco se dibuja como cambio de color de borde (select/focus/border/color) más sombra, no como anillo",2026-09-03
select,focus/ring/offset,--p-select-focus-ring-offset,no,sí,Figma no la usa,focusRing,no hay capa,,no,"el foco se dibuja como cambio de color de borde (select/focus/border/color) más sombra, no como anillo",2026-09-03
select,focus/ring/width,--p-select-focus-ring-width,no,sí,Figma no la usa,focusRing,no hay capa,,no,"el foco se dibuja como cambio de color de borde (select/focus/border/color) más sombra, no como anillo",2026-09-03
select,hover/border/color,--p-select-hover-border-color,sí,sí,conectada,,,,,,
select,invalid/border/color,--p-select-invalid-border-color,sí,sí,conectada,,,,,,
select,invalid/placeholder/color,--p-select-invalid-placeholder-color,sí,sí,conectada,,,,,,
select,lg/font/size,--p-select-lg-font-size,sí,sí,conectada,,,,,,
select,lg/padding/x,--p-select-lg-padding-x,sí,sí,conectada,,,,,,
select,lg/padding/y,--p-select-lg-padding-y,sí,sí,conectada,,,,,,
select,list/gap,--p-select-list-gap,sí,sí,conectada,,,,,,
select,list/header/padding/bottom,--p-select-list-header-padding,sí,sí,conectada,,,,,,
select,list/header/padding/left,--p-select-list-header-padding,sí,sí,conectada,,,,,,
select,list/header/padding/right,--p-select-list-header-padding,sí,sí,conectada,,,,,,
select,list/header/padding/top,--p-select-list-header-padding,sí,sí,conectada,,,,,,
select,list/padding/x,--p-select-list-padding,sí,sí,conectada,,,,,,
select,list/padding/y,--p-select-list-padding,sí,sí,conectada,,,,,,
select,option/border/radius,--p-select-option-border-radius,sí,sí,conectada,,,,,,
select,option/color,--p-select-option-color,sí,sí,conectada,,,,,,
select,option/focus/background,--p-select-option-focus-background,sí,sí,conectada,,,,,,
select,option/focus/color,--p-select-option-focus-color,sí,sí,conectada,,,,,,
select,option/group/background,--p-select-option-group-background,sí,sí,conectada,,,,,,
select,option/group/color,--p-select-option-group-color,sí,sí,conectada,,,,,,
select,option/group/font/weight,--p-select-option-group-font-weight,sí,sí,conectada,,,,,,
select,option/group/padding/x,--p-select-option-group-padding,sí,sí,conectada,,,,,,
select,option/group/padding/y,--p-select-option-group-padding,sí,sí,conectada,,,,,,
select,option/padding/x,--p-select-option-padding,sí,sí,conectada,,,,,,
select,option/padding/y,--p-select-option-padding,sí,sí,conectada,,,,,,
select,option/selected/background,--p-select-option-selected-background,sí,sí,conectada,,,,,,
select,option/selected/color,--p-select-option-selected-color,sí,sí,conectada,,,,,,
select,option/selected/focus/background,--p-select-option-selected-focus-background,no,sí,Figma no la usa,option,no hay capa,.p-select-option-selected.p-focus,no,FALTA DIBUJARLO: no existe la variante seleccionada+foco,2026-09-03
select,option/selected/focus/color,--p-select-option-selected-focus-color,no,sí,Figma no la usa,option,no hay capa,.p-select-option-selected.p-focus,no,FALTA DIBUJARLO: idem,2026-09-03
select,overlay/background,--p-select-overlay-background,sí,sí,conectada,,,,,,
select,overlay/border/color,--p-select-overlay-border-color,sí,sí,conectada,,,,,,
select,overlay/border/radius,--p-select-overlay-border-radius,sí,sí,conectada,,,,,,
select,overlay/color,--p-select-overlay-color,no,sí,Figma no la usa,overlay,no hay capa,.p-select-overlay { color },no,"color de texto heredado del panel; en Figma cada texto lleva el suyo",2026-09-03
select,padding/x,--p-select-padding-x,sí,sí,conectada,,,,,,
select,padding/y,--p-select-padding-y,sí,sí,conectada,,,,,,
select,placeholder/color,--p-select-placeholder-color,sí,sí,conectada,,,,,,
select,sm/font/size,--p-select-sm-font-size,sí,sí,conectada,,,,,,
select,sm/padding/x,--p-select-sm-padding-x,sí,sí,conectada,,,,,,
select,sm/padding/y,--p-select-sm-padding-y,sí,sí,conectada,,,,,,
select,,--p-select-empty-message-padding,,sí,solo web,,,,,,
select,,--p-select-focus-ring-shadow,,sí,solo web,,,,,,
select,,--p-select-focus-ring-style,,sí,solo web,,,,,,
select,,--p-select-overlay-shadow,,sí,solo web,,,,,,
select,,--p-select-shadow,,sí,solo web,,,,,,
select,,--p-select-transition-duration,,sí,solo web,,,,,,
tag,border/radius,--p-tag-border-radius,sí,sí,conectada,,,,,,
tag,contrast/background,--p-tag-contrast-background,sí,sí,conectada,,,,,,
tag,contrast/color,--p-tag-contrast-color,sí,sí,conectada,,,,,,
tag,danger/background,--p-tag-danger-background,sí,sí,conectada,,,,,,
tag,danger/color,--p-tag-danger-color,sí,sí,conectada,,,,,,
tag,figma/container/background,,no,,solo Figma,,,,,,
tag,font/size,--p-tag-font-size,sí,sí,conectada,,,,,,
tag,font/weight,--p-tag-font-weight,sí,sí,conectada,,,,,,
tag,gap,--p-tag-gap,sí,sí,conectada,,,,,,
tag,icon/size,--p-tag-icon-size,sí,sí,conectada,,,,,,
tag,info/background,--p-tag-info-background,sí,sí,conectada,,,,,,
tag,info/color,--p-tag-info-color,sí,sí,conectada,,,,,,
tag,padding/x,--p-tag-padding,sí,sí,conectada,,,,,,
tag,padding/y,--p-tag-padding,sí,sí,conectada,,,,,,
tag,primary/background,--p-tag-primary-background,sí,sí,conectada,,,,,,
tag,primary/color,--p-tag-primary-color,sí,sí,conectada,,,,,,
tag,rounded/border/radius,--p-tag-rounded-border-radius,sí,sí,conectada,,,,,,
tag,secondary/background,--p-tag-secondary-background,sí,sí,conectada,,,,,,
tag,secondary/color,--p-tag-secondary-color,sí,sí,conectada,,,,,,
tag,success/background,--p-tag-success-background,sí,sí,conectada,,,,,,
tag,success/color,--p-tag-success-color,sí,sí,conectada,,,,,,
tag,warn/background,--p-tag-warn-background,sí,sí,conectada,,,,,,
tag,warn/color,--p-tag-warn-color,sí,sí,conectada,,,,,,
toast,blur,--p-toast-blur,sí,sí,conectada,,,,,,
toast,border/radius,--p-toast-border-radius,sí,sí,conectada,,,,,,
toast,border/width,--p-toast-border-width,sí,sí,conectada,root,"toast, 6 variantes",.p-toast-message-* { border-width },HECHO,"atadas 6 capas, sin cambio visual",2026-09-03
toast,close/button/border/radius,--p-toast-close-button-border-radius,sí,sí,conectada,,,,,,
toast,close/button/focus/ring/offset,--p-toast-close-button-focus-ring-offset,sí,no,espejismo,,,,,,
toast,close/button/focus/ring/width,--p-toast-close-button-focus-ring-width,no,no,muerta,closeButton,no hay capa,ninguno,no,PrimeNG tampoco la lee: usa el anillo global,2026-09-03
toast,close/button/height,--p-toast-close-button-height,sí,sí,conectada,,,,,,
toast,close/button/width,--p-toast-close-button-width,sí,sí,conectada,,,,,,
toast,close/icon/size,--p-toast-close-icon-size,sí,sí,conectada,,,,,,
toast,content/gap,--p-toast-content-gap,sí,sí,conectada,,,,,,
toast,content/padding,--p-toast-content-padding,sí,sí,conectada,,,,,,
toast,contrast/background,--p-toast-contrast-background,sí,sí,conectada,,,,,,
toast,contrast/border/color,--p-toast-contrast-border-color,sí,sí,conectada,,,,,,
toast,contrast/close/button/focus/ring/color,--p-toast-contrast-close-button-focus-ring-color,sí,sí,conectada,,,,,,
toast,contrast/close/button/hover/background,--p-toast-contrast-close-button-hover-background,sí,sí,conectada,,,,,,
toast,contrast/color,--p-toast-contrast-color,sí,sí,conectada,,,,,,
toast,contrast/detail/color,--p-toast-contrast-detail-color,sí,sí,conectada,,,,,,
toast,detail/font/size,--p-toast-detail-font-size,sí,sí,conectada,,,,,,
toast,detail/font/weight,--p-toast-detail-font-weight,sí,sí,conectada,,,,,,
toast,error/background,--p-toast-error-background,sí,sí,conectada,,,,,,
toast,error/border/color,--p-toast-error-border-color,sí,sí,conectada,,,,,,
toast,error/close/button/focus/ring/color,--p-toast-error-close-button-focus-ring-color,sí,sí,conectada,,,,,,
toast,error/close/button/hover/background,--p-toast-error-close-button-hover-background,sí,sí,conectada,,,,,,
toast,error/color,--p-toast-error-color,sí,sí,conectada,,,,,,
toast,error/detail/color,--p-toast-error-detail-color,sí,sí,conectada,,,,,,
toast,icon/size,--p-toast-icon-size,sí,sí,conectada,,,,,,
toast,info/background,--p-toast-info-background,sí,sí,conectada,,,,,,
toast,info/border/color,--p-toast-info-border-color,sí,sí,conectada,,,,,,
toast,info/close/button/focus/ring/color,--p-toast-info-close-button-focus-ring-color,sí,sí,conectada,,,,,,
toast,info/close/button/hover/background,--p-toast-info-close-button-hover-background,sí,sí,conectada,,,,,,
toast,info/color,--p-toast-info-color,sí,sí,conectada,,,,,,
toast,info/detail/color,--p-toast-info-detail-color,sí,sí,conectada,,,,,,
toast,secondary/background,--p-toast-secondary-background,sí,sí,conectada,,,,,,
toast,secondary/border/color,--p-toast-secondary-border-color,sí,sí,conectada,,,,,,
toast,secondary/close/button/focus/ring/color,--p-toast-secondary-close-button-focus-ring-color,sí,sí,conectada,,,,,,
toast,secondary/close/button/hover/background,--p-toast-secondary-close-button-hover-background,sí,sí,conectada,,,,,,
toast,secondary/color,--p-toast-secondary-color,sí,sí,conectada,,,,,,
toast,secondary/detail/color,--p-toast-secondary-detail-color,sí,sí,conectada,,,,,,
toast,success/background,--p-toast-success-background,sí,sí,conectada,,,,,,
toast,success/border/color,--p-toast-success-border-color,sí,sí,conectada,,,,,,
toast,success/close/button/focus/ring/color,--p-toast-success-close-button-focus-ring-color,sí,sí,conectada,,,,,,
toast,success/close/button/hover/background,--p-toast-success-close-button-hover-background,sí,sí,conectada,,,,,,
toast,success/color,--p-toast-success-color,sí,sí,conectada,,,,,,
toast,success/detail/color,--p-toast-success-detail-color,sí,sí,conectada,,,,,,
toast,summary/font/size,--p-toast-summary-font-size,sí,sí,conectada,,,,,,
toast,summary/font/weight,--p-toast-summary-font-weight,sí,sí,conectada,,,,,,
toast,text/gap,--p-toast-text-gap,sí,sí,conectada,,,,,,
toast,warn/background,--p-toast-warn-background,sí,sí,conectada,,,,,,
toast,warn/border/color,--p-toast-warn-border-color,sí,sí,conectada,,,,,,
toast,warn/close/button/focus/ring/color,--p-toast-warn-close-button-focus-ring-color,sí,sí,conectada,,,,,,
toast,warn/close/button/hover/background,--p-toast-warn-close-button-hover-background,sí,sí,conectada,,,,,,
toast,warn/color,--p-toast-warn-color,sí,sí,conectada,,,,,,
toast,warn/detail/color,--p-toast-warn-detail-color,sí,sí,conectada,,,,,,
toast,width,--p-toast-width,sí,sí,conectada,,,,,,
toast,,--p-toast-close-button-focus-ring-style,,no,solo web,,,,,,
toast,,--p-toast-contrast-close-button-focus-ring-shadow,,sí,solo web,,,,,,
toast,,--p-toast-contrast-shadow,,sí,solo web,,,,,,
toast,,--p-toast-error-close-button-focus-ring-shadow,,sí,solo web,,,,,,
toast,,--p-toast-error-shadow,,sí,solo web,,,,,,
toast,,--p-toast-info-close-button-focus-ring-shadow,,sí,solo web,,,,,,
toast,,--p-toast-info-shadow,,sí,solo web,,,,,,
toast,,--p-toast-secondary-close-button-focus-ring-shadow,,sí,solo web,,,,,,
toast,,--p-toast-secondary-shadow,,sí,solo web,,,,,,
toast,,--p-toast-success-close-button-focus-ring-shadow,,sí,solo web,,,,,,
toast,,--p-toast-success-shadow,,sí,solo web,,,,,,
toast,,--p-toast-transition-duration,,sí,solo web,,,,,,
toast,,--p-toast-warn-close-button-focus-ring-shadow,,sí,solo web,,,,,,
toast,,--p-toast-warn-shadow,,sí,solo web,,,,,,
toggleswitch,background,--p-toggleswitch-background,sí,sí,conectada,,,,,,
toggleswitch,border/color,--p-toggleswitch-border-color,sí,sí,conectada,,,,,,
toggleswitch,border/radius,--p-toggleswitch-border-radius,sí,sí,conectada,,,,,,
toggleswitch,border/width,--p-toggleswitch-border-width,sí,sí,conectada,root,"raíz + capa interna, 16 capas",.p-toggleswitch-slider { border-width },HECHO,"atadas 16 capas, sin cambio visual",2026-09-03
toggleswitch,checked/background,--p-toggleswitch-checked-background,sí,sí,conectada,,,,,,
toggleswitch,checked/border/color,--p-toggleswitch-checked-border-color,sí,sí,conectada,,,,,,
toggleswitch,checked/hover/background,--p-toggleswitch-checked-hover-background,sí,sí,conectada,,,,,,
toggleswitch,checked/hover/border/color,--p-toggleswitch-checked-hover-border-color,sí,sí,conectada,,,,,,
toggleswitch,disabled/background,--p-toggleswitch-disabled-background,sí,sí,conectada,,,,,,
toggleswitch,focus/ring/color,--p-toggleswitch-focus-ring-color,sí,sí,conectada,,,,,,
toggleswitch,focus/ring/offset,--p-toggleswitch-focus-ring-offset,sí,sí,conectada,,,,,,
toggleswitch,focus/ring/width,--p-toggleswitch-focus-ring-width,no,sí,Figma no la usa,focusRing,no hay capa,outline-width,no,"anillo de foco: la capa dibuja hueco + anillo, la suma de dos tokens, y Figma no suma",2026-09-03
toggleswitch,gap,--p-toggleswitch-gap,sí,sí,conectada,,,,,,
toggleswitch,handle/background,--p-toggleswitch-handle-background,sí,sí,conectada,,,,,,
toggleswitch,handle/border/radius,--p-toggleswitch-handle-border-radius,sí,sí,conectada,,,,,,
toggleswitch,handle/checked/background,--p-toggleswitch-handle-checked-background,sí,sí,conectada,,,,,,
toggleswitch,handle/checked/color,--p-toggleswitch-handle-checked-color,no,sí,Figma no la usa,handle,no hay capa,.p-toggleswitch-handle { color },no,idem,2026-09-03
toggleswitch,handle/checked/hover/background,--p-toggleswitch-handle-checked-hover-background,sí,sí,conectada,handle,handle de las 4 variantes hover+marcado,.p-toggleswitch-checked:has(:hover) .p-toggleswitch-handle,HECHO,atadas 4 capas,2026-09-03
toggleswitch,handle/checked/hover/color,--p-toggleswitch-handle-checked-hover-color,no,sí,Figma no la usa,handle,no hay capa,.p-toggleswitch-handle { color },no,idem,2026-09-03
toggleswitch,handle/color,--p-toggleswitch-handle-color,no,sí,Figma no la usa,handle,no hay capa,.p-toggleswitch-handle { color },no,"es el color de un icono dentro del handle; el nuestro va vacío",2026-09-03
toggleswitch,handle/disabled/background,--p-toggleswitch-handle-disabled-background,sí,sí,conectada,,,,,,
toggleswitch,handle/hover/background,--p-toggleswitch-handle-hover-background,sí,sí,conectada,handle,handle de las 4 variantes con hover,.p-toggleswitch:has(:hover) .p-toggleswitch-handle,HECHO,atadas 4 capas,2026-09-03
toggleswitch,handle/hover/color,--p-toggleswitch-handle-hover-color,no,sí,Figma no la usa,handle,no hay capa,.p-toggleswitch-handle { color },no,idem,2026-09-03
toggleswitch,handle/size,--p-toggleswitch-handle-size,sí,sí,conectada,,,,,,
toggleswitch,height,--p-toggleswitch-height,sí,sí,conectada,,,,,,
toggleswitch,hover/background,--p-toggleswitch-hover-background,sí,sí,conectada,,,,,,
toggleswitch,hover/border/color,--p-toggleswitch-hover-border-color,sí,sí,conectada,,,,,,
toggleswitch,invalid/border/color,--p-toggleswitch-invalid-border-color,sí,sí,conectada,,,,,,
toggleswitch,width,--p-toggleswitch-width,sí,sí,conectada,,,,,,
toggleswitch,,--p-toggleswitch-focus-ring-shadow,,sí,solo web,,,,,,
toggleswitch,,--p-toggleswitch-focus-ring-style,,sí,solo web,,,,,,
toggleswitch,,--p-toggleswitch-shadow,,sí,solo web,,,,,,
toggleswitch,,--p-toggleswitch-slide-duration,,sí,solo web,,,,,,
toggleswitch,,--p-toggleswitch-transition-duration,,sí,solo web,,,,,,
button,(hallazgo) icono DERECHO de button-small,-,sí,sí,mal apuntada,root,"144 capas de 311 variantes con dos iconos; ej. 7593:168731",.p-button-icon (hereda el color del botón),PENDIENTE DE DECISIÓN,"el icono derecho usa la variable REMOTA «Icon» de la librería (#8f97a3) en vez del color del botón (#6f7784 en secondary). En button y button-large la MISMA variante lo hace bien, y el icono izquierdo del mismo botón también. Cambia el dibujo: pasa del gris de librería al color del botón",2026-09-03
inputtext,(hallazgo) 3 capas con variables remotas,-,sí,-,mal apuntada,?,3 capas,-,PENDIENTE DE ANÁLISIS,"usan las remotas White/100% y Black/100% de la librería en vez de variables del DS; sin analizar todavía",2026-09-03
(fuera de componente),component/custommodal/* (27 tokens),--p-component-custommodal-*,sí,NO,muerta en el tema,custommodal,"existe en Figma, fuera de un componente",ninguno,PENDIENTE DE DECISIÓN,"medido con el modal ABIERTO en su página: 0 de 27 usados. Su componente lee 53 variables --sc-custom-modal-* del paquete de estilos, no del tema. El modelo está duplicado en dos canales y el del tema está muerto",2026-09-03
(fuera de componente),semantic/presence/* (5) y text/accent,"--p-presence-*, --p-text-accent",sí,NO,muerta en el tema,semantic,"existe en Figma, fuera de un componente",ninguno,PENDIENTE DE ANÁLISIS,"publicados por el tema y sin ningún uso en su CSS; son extensiones nuestras",2026-09-03
(fuera de componente),colección App: app/font/size y 5 más,(no existe),sí (2.795 capas),-,conectada por el primitivo,app,"app/font/size en 1.773 capas, app/card/background en 518",".p-component.p-button, .p-inputtext... { font-size: var(--p-app-typography-md-font-size) } (nuestro bloque css del preset)",no,"NO está roto. app/font/size (dibujo) y app/typography/md/fontSize (tema) son DOS variables distintas que las dos apuntan al mismo primitivo typography/font/size/200 = 14, así que hoy coinciden. El 14 llega a la web por NUESTRO bloque CSS, que pisa el .p-button { font-size: 1rem } de PrimeNG. Riesgo de mantenimiento: si se mueve una y no la otra, el dibujo y la web divergen. No es un fallo, es duplicidad de nombres",2026-09-03
(fuera de componente),"app/typography/* (10, colección Custom)",--p-app-typography-*,casi no,sí,Figma no la usa,app,"solo sm/lineHeight, en 17 capas; las otras 9 a cero",nuestro sc-typography.css,PENDIENTE DE ANÁLISIS,"el puente nuevo lo publica el tema y lo lee nuestro bloque CSS; el dibujo usa la colección App, que apunta al mismo primitivo. Dos nombres para lo mismo: uno dibuja y otro viaja",2026-09-03
(fuera de componente),paleta cruda sin usar,"--p-stone-*, --p-neutral-*, --p-zinc-* y 13 rampas mas",-,NO,solo web,primitivos,-,ninguno,no,normal: PrimeNG publica todas las rampas de color y un tema solo gasta las suyas. Son ~199 de los 244 tokens semánticos sin uso,2026-09-03
